<?xml version="1.0" encoding="UTF-8"?>

<!DOCTYPE hibernate-configuration PUBLIC  
          "-//Hibernate/Hibernate Configuration DTD 3.0//EN"  
          "http://hibernate.sourceforge.net/hibernate-configuration-3.0.dtd">

<hibernate-configuration>       
  <session-factory>
    <!-- Database connection settings -->
    <property name="connection.driver_class">com.mysql.jdbc.Driver</property>
    <property name="connection.url">jdbc:mysql://localhost:3306/ecommercess</property>
    <property name="connection.username">root</property>
    <property name="connection.password">root</property>
    <!-- Show SQL in logs -->
<property name="hibernate.show_sql">true</property>

<!-- Mapping for Product entity -->
<mapping class="com.example.model.Product"/>
    
  </session-factory>
</hibernate-configuration>

